timeStamp,elapsed,label,responseCode,responseMessage,threadName,dataType,success,failureMessage,bytes,sentBytes,grpThreads,allThreads,URL,Latency,IdleTime,Connect
1603123501577,2494,HTTP Request - GET Torterra,200,OK,Ult. Thread Group - Torterra 1-4,text,true,,133226,135,5,12,https://pokeapi.co/api/v2/pokemon/torterra,1514,0,1007
1603123501177,2912,HTTP Request - GET Torterra,200,OK,Ult. Thread Group - Torterra 1-5,text,true,,133226,135,5,12,https://pokeapi.co/api/v2/pokemon/torterra,1935,0,1426
1603123501977,2504,HTTP Request - GET Torterra,200,OK,Ult. Thread Group - Torterra 1-3,text,true,,133226,135,5,15,https://pokeapi.co/api/v2/pokemon/torterra,1430,0,932
1603123502282,2268,HTTP Request - GET Buizel,200,OK,Ult. Thread Group - Buizel 2-10,text,true,,127024,133,9,15,https://pokeapi.co/api/v2/pokemon/buizel,1476,0,966
1603123504075,536,HTTP Request - GET Encounters,200,OK,Ult. Thread Group - Torterra 1-4,text,true,,1262,141,5,15,https://pokeapi.co/api/v2/pokemon/389/encounters,536,0,0
1603123504092,536,HTTP Request - GET Encounters,200,OK,Ult. Thread Group - Torterra 1-5,text,true,,1262,141,5,15,https://pokeapi.co/api/v2/pokemon/389/encounters,536,0,0
1603123502377,2640,HTTP Request - GET Torterra,200,OK,Ult. Thread Group - Torterra 1-2,text,true,,133226,135,5,18,https://pokeapi.co/api/v2/pokemon/torterra,1499,0,964
1603123504484,606,HTTP Request - GET Encounters,200,OK,Ult. Thread Group - Torterra 1-3,text,true,,1262,141,5,18,https://pokeapi.co/api/v2/pokemon/389/encounters,606,0,0
1603123502782,2400,HTTP Request - GET Buizel,200,OK,Ult. Thread Group - Buizel 2-9,text,true,,127024,133,12,18,https://pokeapi.co/api/v2/pokemon/buizel,1510,0,1001
1603123502777,2531,HTTP Request - GET Torterra,200,OK,Ult. Thread Group - Torterra 1-1,text,true,,133226,135,5,21,https://pokeapi.co/api/v2/pokemon/torterra,1481,0,1012
1603123505020,406,HTTP Request - GET Encounters,200,OK,Ult. Thread Group - Torterra 1-2,text,true,,1262,141,5,21,https://pokeapi.co/api/v2/pokemon/389/encounters,406,0,0
1603123503282,2485,HTTP Request - GET Buizel,200,OK,Ult. Thread Group - Buizel 2-8,text,true,,127024,133,15,21,https://pokeapi.co/api/v2/pokemon/buizel,1518,0,1039
1603123503282,2487,HTTP Request - GET Buizel,200,OK,Ult. Thread Group - Buizel 2-20,text,true,,127024,133,15,21,https://pokeapi.co/api/v2/pokemon/buizel,1550,0,1041
1603123505311,557,HTTP Request - GET Encounters,200,OK,Ult. Thread Group - Torterra 1-1,text,true,,1262,141,5,25,https://pokeapi.co/api/v2/pokemon/389/encounters,557,0,0
1603123503782,2715,HTTP Request - GET Buizel,200,OK,Ult. Thread Group - Buizel 2-19,text,true,,127024,133,21,29,https://pokeapi.co/api/v2/pokemon/buizel,1535,0,993
1603123503783,2725,HTTP Request - GET Buizel,200,OK,Ult. Thread Group - Buizel 2-7,text,true,,127024,133,21,29,https://pokeapi.co/api/v2/pokemon/buizel,1550,0,999
1603123503289,3471,HTTP Request - GET Charizard,200,OK,Ult. Thread Group - Charizard 4-2,text,true,,246042,136,2,30,https://pokeapi.co/api/v2/pokemon/charizard,1529,0,1037
1603123505772,1877,HTTP Request - GET Encounters,200,OK,Ult. Thread Group - Buizel 2-20,text,true,,59225,141,26,37,https://pokeapi.co/api/v2/pokemon/418/encounters,1039,0,0
1603123505770,1968,HTTP Request - GET Encounters,200,OK,Ult. Thread Group - Buizel 2-8,text,true,,59214,141,26,37,https://pokeapi.co/api/v2/pokemon/418/encounters,1853,0,0
1603123506766,1002,HTTP Request - GET Encounters,200,OK,Ult. Thread Group - Charizard 4-2,text,true,,1199,139,2,37,https://pokeapi.co/api/v2/pokemon/6/encounters,1002,0,0
1603123505185,2587,HTTP Request - GET Encounters,200,OK,Ult. Thread Group - Buizel 2-9,text,true,,59221,141,26,37,https://pokeapi.co/api/v2/pokemon/418/encounters,2468,0,0
1603123504282,3891,HTTP Request - GET Buizel,200,OK,Ult. Thread Group - Buizel 2-6,text,true,,127024,133,28,41,https://pokeapi.co/api/v2/pokemon/buizel,1670,0,1048
1603123504283,4639,HTTP Request - GET Buizel,200,OK,Ult. Thread Group - Buizel 2-18,text,true,,127024,133,30,44,https://pokeapi.co/api/v2/pokemon/buizel,1601,0,1049
1603123504629,4303,HTTP Request - GET Torterra,200,OK,Ult. Thread Group - Torterra 1-5,text,true,,133226,135,10,44,https://pokeapi.co/api/v2/pokemon/torterra,1409,0,862
1603123506500,2965,HTTP Request - GET Encounters,200,OK,Ult. Thread Group - Buizel 2-19,text,true,,59225,141,30,43,https://pokeapi.co/api/v2/pokemon/418/encounters,749,0,0
1603123506510,3026,HTTP Request - GET Encounters,200,OK,Ult. Thread Group - Buizel 2-7,text,true,,59225,141,30,43,https://pokeapi.co/api/v2/pokemon/418/encounters,749,0,0
1603123504782,5570,HTTP Request - GET Buizel,200,OK,Ult. Thread Group - Buizel 2-5,text,true,,127024,133,30,44,https://pokeapi.co/api/v2/pokemon/buizel,1762,0,1091
1603123508176,2325,HTTP Request - GET Encounters,200,OK,Ult. Thread Group - Buizel 2-6,text,true,,59225,141,30,44,https://pokeapi.co/api/v2/pokemon/418/encounters,1508,0,0
1603123504283,6223,HTTP Request - GET Buizel,200,OK,Ult. Thread Group - Buizel 2-30,text,true,,127024,133,30,44,https://pokeapi.co/api/v2/pokemon/buizel,1649,0,1070
1603123506283,4239,HTTP Request - GET Buizel,200,OK,Ult. Thread Group - Buizel 2-2,text,true,,127024,133,30,44,https://pokeapi.co/api/v2/pokemon/buizel,1980,0,1422
1603123504787,5789,HTTP Request - GET Buizel,200,OK,Ult. Thread Group - Buizel 2-17,text,true,,127024,133,30,44,https://pokeapi.co/api/v2/pokemon/buizel,1776,0,1114
1603123505091,5565,HTTP Request - GET Torterra,200,OK,Ult. Thread Group - Torterra 1-3,text,true,,133226,135,9,44,https://pokeapi.co/api/v2/pokemon/torterra,1548,0,883
1603123505782,5256,HTTP Request - GET Buizel,200,OK,Ult. Thread Group - Buizel 2-27,text,true,,127024,133,30,44,https://pokeapi.co/api/v2/pokemon/buizel,1997,0,1470
1603123504552,6525,HTTP Request - GET Encounters,200,OK,Ult. Thread Group - Buizel 2-10,text,true,,59218,141,30,44,https://pokeapi.co/api/v2/pokemon/418/encounters,2222,0,0
1603123505282,5801,HTTP Request - GET Buizel,200,OK,Ult. Thread Group - Buizel 2-16,text,true,,127024,133,30,44,https://pokeapi.co/api/v2/pokemon/buizel,1989,0,1235
1603123508925,2267,HTTP Request - GET Encounters,200,OK,Ult. Thread Group - Buizel 2-18,text,true,,59225,141,30,45,https://pokeapi.co/api/v2/pokemon/418/encounters,1421,0,0
1603123506283,5067,HTTP Request - GET Buizel,200,OK,Ult. Thread Group - Buizel 2-14,text,true,,127024,133,30,45,https://pokeapi.co/api/v2/pokemon/buizel,2056,0,1438
1603123505782,5644,HTTP Request - GET Buizel,200,OK,Ult. Thread Group - Buizel 2-15,text,true,,127024,133,30,45,https://pokeapi.co/api/v2/pokemon/buizel,2014,0,1480
1603123504612,7057,HTTP Request - GET Torterra,200,OK,Ult. Thread Group - Torterra 1-4,text,true,,133226,135,10,46,https://pokeapi.co/api/v2/pokemon/torterra,1394,0,858
1603123505782,6663,HTTP Request - GET Buizel,200,OK,Ult. Thread Group - Buizel 2-3,text,true,,127024,133,30,48,https://pokeapi.co/api/v2/pokemon/buizel,2134,0,1489
1603123505282,7279,HTTP Request - GET Buizel,200,OK,Ult. Thread Group - Buizel 2-28,text,true,,127024,133,30,48,https://pokeapi.co/api/v2/pokemon/buizel,2027,0,1241
1603123505868,7565,HTTP Request - GET Torterra,200,OK,Ult. Thread Group - Torterra 1-1,text,true,,133226,135,12,50,https://pokeapi.co/api/v2/pokemon/torterra,2010,0,1428
1603123506283,7431,HTTP Request - GET Buizel,200,OK,Ult. Thread Group - Buizel 2-26,text,true,,127024,133,30,49,https://pokeapi.co/api/v2/pokemon/buizel,3018,0,2114
1603123507282,6679,HTTP Request - GET Buizel,200,OK,Ult. Thread Group - Buizel 2-24,text,true,,127024,133,30,50,https://pokeapi.co/api/v2/pokemon/buizel,1986,0,1101
1603123511041,3116,HTTP Request - GET Encounters,200,OK,Ult. Thread Group - Buizel 2-27,text,true,,59225,141,30,50,https://pokeapi.co/api/v2/pokemon/418/encounters,814,0,0
1603123507377,6904,HTTP Request - GET Torterra,200,OK,Ult. Thread Group - Torterra 1-7,text,true,,133226,135,11,50,https://pokeapi.co/api/v2/pokemon/torterra,2178,0,1178
1603123507769,6547,HTTP Request - GET Charizard,200,OK,Ult. Thread Group - Charizard 4-2,text,true,,246042,136,4,50,https://pokeapi.co/api/v2/pokemon/charizard,3071,0,2329
1603123512564,1865,HTTP Request - GET Encounters,200,OK,Ult. Thread Group - Buizel 2-28,text,true,,59225,141,30,50,https://pokeapi.co/api/v2/pokemon/418/encounters,1289,0,0
1603123512447,1989,HTTP Request - GET Encounters,200,OK,Ult. Thread Group - Buizel 2-3,text,true,,59225,141,30,50,https://pokeapi.co/api/v2/pokemon/418/encounters,645,0,0
1603123509465,5025,HTTP Request - GET Buizel,200,OK,Ult. Thread Group - Buizel 2-19,text,true,,127024,133,30,50,https://pokeapi.co/api/v2/pokemon/buizel,2257,0,1463
1603123511786,2728,HTTP Request - GET Gogoat,200,OK,Ult. Thread Group - Gogoat 3-3,text,true,,60329,133,5,50,https://pokeapi.co/api/v2/pokemon/gogoat,2067,0,1415
1603123507282,7418,HTTP Request - GET Buizel,200,OK,Ult. Thread Group - Buizel 2-12,text,true,,127024,133,30,50,https://pokeapi.co/api/v2/pokemon/buizel,1790,0,1084
1603123506577,8133,HTTP Request - GET Torterra,200,OK,Ult. Thread Group - Torterra 1-9,text,true,,133226,135,11,50,https://pokeapi.co/api/v2/pokemon/torterra,3914,0,2378
1603123510354,4495,HTTP Request - GET Encounters,200,OK,Ult. Thread Group - Buizel 2-5,text,true,,59225,141,30,50,https://pokeapi.co/api/v2/pokemon/418/encounters,815,0,0
1603123506178,8695,HTTP Request - GET Torterra,200,OK,Ult. Thread Group - Torterra 1-10,text,true,,133226,135,10,50,https://pokeapi.co/api/v2/pokemon/torterra,4246,0,2791
1603123505282,9614,HTTP Request - GET Buizel,200,OK,Ult. Thread Group - Buizel 2-4,text,true,,127024,133,30,49,https://pokeapi.co/api/v2/pokemon/buizel,2710,0,1234
1603123514284,654,HTTP Request - GET Encounters,200,OK,Ult. Thread Group - Torterra 1-7,text,true,,1262,141,9,49,https://pokeapi.co/api/v2/pokemon/389/encounters,649,0,0
1603123514321,627,HTTP Request - GET Encounters,200,OK,Ult. Thread Group - Charizard 4-2,text,true,,1206,139,4,48,https://pokeapi.co/api/v2/pokemon/6/encounters,627,0,0
1603123507773,7305,HTTP Request - GET Buizel,200,OK,Ult. Thread Group - Buizel 2-9,text,true,,127024,133,30,48,https://pokeapi.co/api/v2/pokemon/buizel,2604,0,1252
1603123507782,7325,HTTP Request - GET Buizel,200,OK,Ult. Thread Group - Buizel 2-23,text,true,,127024,133,30,48,https://pokeapi.co/api/v2/pokemon/buizel,2639,0,1328
1603123505789,10316,HTTP Request - GET Charizard,200,OK,Ult. Thread Group - Charizard 4-1,text,true,,246042,136,4,49,https://pokeapi.co/api/v2/pokemon/charizard,2074,0,1455
1603123511428,4792,HTTP Request - GET Encounters,200,OK,Ult. Thread Group - Buizel 2-15,text,true,,59225,141,30,49,https://pokeapi.co/api/v2/pokemon/418/encounters,2748,0,0
1603123506782,9441,HTTP Request - GET Buizel,200,OK,Ult. Thread Group - Buizel 2-1,text,true,,127024,133,30,49,https://pokeapi.co/api/v2/pokemon/buizel,1987,0,1234
1603123514516,1811,HTTP Request - GET Encounters,200,OK,Ult. Thread Group - Gogoat 3-3,text,true,,1200,141,7,49,https://pokeapi.co/api/v2/pokemon/673/encounters,1811,0,0
1603123509537,6801,HTTP Request - GET Buizel,200,OK,Ult. Thread Group - Buizel 2-7,text,true,,127024,133,30,49,https://pokeapi.co/api/v2/pokemon/buizel,2255,0,1448
1603123507738,8657,HTTP Request - GET Buizel,200,OK,Ult. Thread Group - Buizel 2-8,text,true,,127024,133,30,49,https://pokeapi.co/api/v2/pokemon/buizel,2123,0,1493
1603123514703,1861,HTTP Request - GET Encounters,200,OK,Ult. Thread Group - Buizel 2-12,text,true,,59225,141,30,49,https://pokeapi.co/api/v2/pokemon/418/encounters,1303,0,0
1603123512776,3817,HTTP Request - GET Torterra,200,OK,Ult. Thread Group - Torterra 1-11,text,true,,133226,135,8,49,https://pokeapi.co/api/v2/pokemon/torterra,1860,0,1253
1603123511177,5426,HTTP Request - GET Torterra,200,OK,Ult. Thread Group - Torterra 1-15,text,true,,133226,135,8,49,https://pokeapi.co/api/v2/pokemon/torterra,2171,0,1528
1603123507776,8832,HTTP Request - GET Torterra,200,OK,Ult. Thread Group - Torterra 1-6,text,true,,133226,135,8,49,https://pokeapi.co/api/v2/pokemon/torterra,2795,0,2075
1603123510525,6110,HTTP Request - GET Encounters,200,OK,Ult. Thread Group - Buizel 2-2,text,true,,59225,141,30,48,https://pokeapi.co/api/v2/pokemon/418/encounters,851,0,0
1603123514493,2179,HTTP Request - GET Encounters,200,OK,Ult. Thread Group - Buizel 2-19,text,true,,59225,141,30,48,https://pokeapi.co/api/v2/pokemon/418/encounters,641,0,0
1603123507782,8892,HTTP Request - GET Buizel,200,OK,Ult. Thread Group - Buizel 2-11,text,true,,127024,133,30,48,https://pokeapi.co/api/v2/pokemon/buizel,4369,0,2280
1603123508282,8401,HTTP Request - GET Buizel,200,OK,Ult. Thread Group - Buizel 2-22,text,true,,127024,133,30,48,https://pokeapi.co/api/v2/pokemon/buizel,4793,0,4152
1603123516109,596,HTTP Request - GET Encounters,200,OK,Ult. Thread Group - Charizard 4-1,text,true,,1206,139,4,48,https://pokeapi.co/api/v2/pokemon/6/encounters,596,0,0
1603123513964,2774,HTTP Request - GET Encounters,200,OK,Ult. Thread Group - Buizel 2-24,text,true,,59225,141,30,48,https://pokeapi.co/api/v2/pokemon/418/encounters,630,0,0
1603123508782,7959,HTTP Request - GET Buizel,200,OK,Ult. Thread Group - Buizel 2-21,text,true,,127024,133,30,48,https://pokeapi.co/api/v2/pokemon/buizel,3300,0,2446
1603123511352,5394,HTTP Request - GET Encounters,200,OK,Ult. Thread Group - Buizel 2-14,text,true,,59225,141,30,48,https://pokeapi.co/api/v2/pokemon/418/encounters,2168,0,0
1603123513717,3116,HTTP Request - GET Encounters,200,OK,Ult. Thread Group - Buizel 2-26,text,true,,59225,141,30,49,https://pokeapi.co/api/v2/pokemon/418/encounters,621,0,0
1603123510579,6473,HTTP Request - GET Encounters,200,OK,Ult. Thread Group - Buizel 2-17,text,true,,59225,141,30,49,https://pokeapi.co/api/v2/pokemon/418/encounters,5750,0,0
1603123506782,10344,HTTP Request - GET Buizel,200,OK,Ult. Thread Group - Buizel 2-13,text,true,,127024,133,30,49,https://pokeapi.co/api/v2/pokemon/buizel,3890,0,3067
1603123516225,1022,HTTP Request - GET Encounters,200,OK,Ult. Thread Group - Buizel 2-1,text,true,,59226,141,30,49,https://pokeapi.co/api/v2/pokemon/418/encounters,585,0,0
1603123516340,954,HTTP Request - GET Encounters,200,OK,Ult. Thread Group - Buizel 2-7,text,true,,59226,141,30,49,https://pokeapi.co/api/v2/pokemon/418/encounters,754,0,0
1603123506782,10563,HTTP Request - GET Buizel,200,OK,Ult. Thread Group - Buizel 2-25,text,true,,127024,133,30,49,https://pokeapi.co/api/v2/pokemon/buizel,5733,0,2281
1603123511192,6221,HTTP Request - GET Buizel,200,OK,Ult. Thread Group - Buizel 2-18,text,true,,127024,133,30,49,https://pokeapi.co/api/v2/pokemon/buizel,2165,0,1526
1603123512785,4663,HTTP Request - GET Gogoat,200,OK,Ult. Thread Group - Gogoat 3-10,text,true,,60329,133,8,49,https://pokeapi.co/api/v2/pokemon/gogoat,1868,0,1264
1603123514899,2585,HTTP Request - GET Encounters,200,OK,Ult. Thread Group - Buizel 2-4,text,true,,59225,141,30,49,https://pokeapi.co/api/v2/pokemon/418/encounters,761,0,0
1603123516596,920,HTTP Request - GET Encounters,200,OK,Ult. Thread Group - Torterra 1-11,text,true,,1262,141,7,49,https://pokeapi.co/api/v2/pokemon/389/encounters,918,0,0
1603123516607,918,HTTP Request - GET Encounters,200,OK,Ult. Thread Group - Torterra 1-15,text,true,,1262,141,7,49,https://pokeapi.co/api/v2/pokemon/389/encounters,908,0,0
1603123510509,7069,HTTP Request - GET Encounters,200,OK,Ult. Thread Group - Buizel 2-30,text,true,,59225,141,30,49,https://pokeapi.co/api/v2/pokemon/418/encounters,826,0,0
1603123511086,7004,HTTP Request - GET Encounters,200,OK,Ult. Thread Group - Buizel 2-16,text,true,,59225,141,30,50,https://pokeapi.co/api/v2/pokemon/418/encounters,821,0,0
1603123515080,3064,HTTP Request - GET Encounters,200,OK,Ult. Thread Group - Buizel 2-9,text,true,,59225,141,30,50,https://pokeapi.co/api/v2/pokemon/418/encounters,756,0,0
1603123515109,3057,HTTP Request - GET Encounters,200,OK,Ult. Thread Group - Buizel 2-23,text,true,,59225,141,29,49,https://pokeapi.co/api/v2/pokemon/418/encounters,1360,0,0
1603123517451,757,HTTP Request - GET Encounters,200,OK,Ult. Thread Group - Gogoat 3-10,text,true,,1207,141,9,49,https://pokeapi.co/api/v2/pokemon/673/encounters,757,0,0
1603123513786,4956,HTTP Request - GET Gogoat,200,OK,Ult. Thread Group - Gogoat 3-2,text,true,,60329,133,9,49,https://pokeapi.co/api/v2/pokemon/gogoat,4153,0,3442
1603123517129,1883,HTTP Request - GET Encounters,200,OK,Ult. Thread Group - Buizel 2-13,text,true,,59226,141,29,50,https://pokeapi.co/api/v2/pokemon/418/encounters,1450,0,0
1603123511077,8224,HTTP Request - GET Buizel,200,OK,Ult. Thread Group - Buizel 2-10,text,true,,127024,133,29,50,https://pokeapi.co/api/v2/pokemon/buizel,2945,0,1520
1603123507649,11719,HTTP Request - GET Buizel,200,OK,Ult. Thread Group - Buizel 2-20,text,true,,127024,133,28,49,https://pokeapi.co/api/v2/pokemon/buizel,6055,0,4715
1603123518744,714,HTTP Request - GET Encounters,200,OK,Ult. Thread Group - Gogoat 3-2,text,true,,1207,141,10,48,https://pokeapi.co/api/v2/pokemon/673/encounters,714,0,0
1603123504788,14687,HTTP Request - GET Buizel,200,OK,Ult. Thread Group - Buizel 2-29,text,true,,127024,133,27,48,https://pokeapi.co/api/v2/pokemon/buizel,1794,0,1119
1603123507785,11941,HTTP Request - GET Gogoat,200,OK,Ult. Thread Group - Gogoat 3-5,text,true,,60329,133,10,48,https://pokeapi.co/api/v2/pokemon/gogoat,2095,0,1460
1603123516744,3245,HTTP Request - GET Encounters,200,OK,Ult. Thread Group - Buizel 2-21,text,true,,59226,141,27,49,https://pokeapi.co/api/v2/pokemon/418/encounters,1830,0,0
1603123508289,11759,HTTP Request - GET Charizard,200,OK,Ult. Thread Group - Charizard 4-4,text,true,,246049,136,4,49,https://pokeapi.co/api/v2/pokemon/charizard,4778,0,4150
1603123514437,5663,HTTP Request - GET Buizel,200,OK,Ult. Thread Group - Buizel 2-3,text,true,,127024,133,27,49,https://pokeapi.co/api/v2/pokemon/buizel,2071,0,1369
1603123519729,748,HTTP Request - GET Encounters,200,OK,Ult. Thread Group - Gogoat 3-5,text,true,,1207,141,11,49,https://pokeapi.co/api/v2/pokemon/673/encounters,748,0,0
1603123511977,8778,HTTP Request - GET Torterra,200,OK,Ult. Thread Group - Torterra 1-13,text,true,,133226,135,7,49,https://pokeapi.co/api/v2/pokemon/torterra,5733,0,5015
1603123514429,6329,HTTP Request - GET Buizel,200,OK,Ult. Thread Group - Buizel 2-28,text,true,,127024,133,27,48,https://pokeapi.co/api/v2/pokemon/buizel,1980,0,1345
1603123520053,732,HTTP Request - GET Encounters,200,OK,Ult. Thread Group - Charizard 4-4,text,true,,1207,139,4,47,https://pokeapi.co/api/v2/pokemon/6/encounters,732,0,0
1603123514787,6142,HTTP Request - GET Gogoat,200,OK,Ult. Thread Group - Gogoat 3-9,text,true,,60329,133,12,48,https://pokeapi.co/api/v2/pokemon/gogoat,1855,0,1253
1603123517349,3934,HTTP Request - GET Encounters,200,OK,Ult. Thread Group - Buizel 2-25,text,true,,59226,141,26,48,https://pokeapi.co/api/v2/pokemon/418/encounters,818,0,0
1603123516686,4731,HTTP Request - GET Encounters,200,OK,Ult. Thread Group - Buizel 2-22,text,true,,59226,141,26,48,https://pokeapi.co/api/v2/pokemon/418/encounters,1609,0,0
1603123520931,610,HTTP Request - GET Encounters,200,OK,Ult. Thread Group - Gogoat 3-9,text,true,,1207,141,12,48,https://pokeapi.co/api/v2/pokemon/673/encounters,610,0,0
1603123520104,1659,HTTP Request - GET Encounters,200,OK,Ult. Thread Group - Buizel 2-3,text,true,,59226,141,26,48,https://pokeapi.co/api/v2/pokemon/418/encounters,709,0,0
1603123510502,11446,HTTP Request - GET Buizel,200,OK,Ult. Thread Group - Buizel 2-6,text,true,,127024,133,25,48,https://pokeapi.co/api/v2/pokemon/buizel,6845,0,5895
1603123517416,4621,HTTP Request - GET Encounters,200,OK,Ult. Thread Group - Buizel 2-18,text,true,,59226,141,24,47,https://pokeapi.co/api/v2/pokemon/418/encounters,788,0,0
1603123516398,5657,HTTP Request - GET Encounters,200,OK,Ult. Thread Group - Buizel 2-8,text,true,,59226,141,23,46,https://pokeapi.co/api/v2/pokemon/418/encounters,1126,0,0
1603123516565,5503,HTTP Request - GET Buizel,200,OK,Ult. Thread Group - Buizel 2-12,text,true,,127024,133,22,45,https://pokeapi.co/api/v2/pokemon/buizel,2277,0,1674
1603123516674,5445,HTTP Request - GET Buizel,200,OK,Ult. Thread Group - Buizel 2-19,text,true,,127024,133,22,45,https://pokeapi.co/api/v2/pokemon/buizel,2222,0,1590
1603123519459,2750,HTTP Request - GET Gogoat,200,OK,Ult. Thread Group - Gogoat 3-2,text,true,,60329,133,13,44,https://pokeapi.co/api/v2/pokemon/gogoat,2039,0,1444
1603123509786,12820,HTTP Request - GET Gogoat,200,OK,Ult. Thread Group - Gogoat 3-4,text,true,,60329,133,13,44,https://pokeapi.co/api/v2/pokemon/gogoat,2310,0,1459
1603123522210,682,HTTP Request - GET Encounters,200,OK,Ult. Thread Group - Gogoat 3-2,text,true,,1207,141,13,44,https://pokeapi.co/api/v2/pokemon/673/encounters,682,0,0
1603123516220,6990,HTTP Request - GET Buizel,200,OK,Ult. Thread Group - Buizel 2-15,text,true,,127024,133,21,44,https://pokeapi.co/api/v2/pokemon/buizel,4035,0,3342
1603123518787,4477,HTTP Request - GET Gogoat,200,OK,Ult. Thread Group - Gogoat 3-7,text,true,,60329,133,13,43,https://pokeapi.co/api/v2/pokemon/gogoat,2171,0,1413
1603123517295,6011,HTTP Request - GET Buizel,200,OK,Ult. Thread Group - Buizel 2-7,text,true,,127024,133,20,44,https://pokeapi.co/api/v2/pokemon/buizel,2241,0,1503
1603123518092,5231,HTTP Request - GET Buizel,200,OK,Ult. Thread Group - Buizel 2-16,text,true,,127024,133,19,43,https://pokeapi.co/api/v2/pokemon/buizel,2139,0,1435
1603123518209,5152,HTTP Request - GET Gogoat,200,OK,Ult. Thread Group - Gogoat 3-10,text,true,,60329,133,13,42,https://pokeapi.co/api/v2/pokemon/gogoat,3546,0,1359
1603123522607,782,HTTP Request - GET Encounters,200,OK,Ult. Thread Group - Gogoat 3-4,text,true,,1207,141,13,42,https://pokeapi.co/api/v2/pokemon/673/encounters,782,0,0
1603123517485,5904,HTTP Request - GET Buizel,200,OK,Ult. Thread Group - Buizel 2-4,text,true,,127024,133,18,42,https://pokeapi.co/api/v2/pokemon/buizel,2142,0,1353
1603123505426,17983,HTTP Request - GET Torterra,200,OK,Ult. Thread Group - Torterra 1-2,text,true,,133226,135,6,41,https://pokeapi.co/api/v2/pokemon/torterra,7728,0,1178
1603123516834,6665,HTTP Request - GET Buizel,200,OK,Ult. Thread Group - Buizel 2-26,text,true,,127024,133,17,40,https://pokeapi.co/api/v2/pokemon/buizel,2162,0,1460
1603123511577,11938,HTTP Request - GET Torterra,200,OK,Ult. Thread Group - Torterra 1-14,text,true,,133226,135,5,39,https://pokeapi.co/api/v2/pokemon/torterra,5867,0,4913
1603123519478,4114,HTTP Request - GET Encounters,200,OK,Ult. Thread Group - Buizel 2-29,text,true,,59226,141,16,38,https://pokeapi.co/api/v2/pokemon/418/encounters,769,0,0
1603123517787,5875,HTTP Request - GET Gogoat,200,OK,Ult. Thread Group - Gogoat 3-15,text,true,,60329,133,13,37,https://pokeapi.co/api/v2/pokemon/gogoat,3143,0,2402
1603123512377,11314,HTTP Request - GET Torterra,200,OK,Ult. Thread Group - Torterra 1-12,text,true,,133226,135,4,37,https://pokeapi.co/api/v2/pokemon/torterra,4958,0,4014
1603123510789,12960,HTTP Request - GET Charizard,200,OK,Ult. Thread Group - Charizard 4-3,text,true,,246049,136,5,36,https://pokeapi.co/api/v2/pokemon/charizard,5074,0,4307
1603123515786,8042,HTTP Request - GET Gogoat,200,OK,Ult. Thread Group - Gogoat 3-1,text,true,,60329,133,14,37,https://pokeapi.co/api/v2/pokemon/gogoat,3181,0,1540
1603123522070,1779,HTTP Request - GET Encounters,200,OK,Ult. Thread Group - Buizel 2-12,text,true,,59226,141,15,37,https://pokeapi.co/api/v2/pokemon/418/encounters,711,0,0
1603123516636,7264,HTTP Request - GET Buizel,200,OK,Ult. Thread Group - Buizel 2-2,text,true,,127024,133,14,36,https://pokeapi.co/api/v2/pokemon/buizel,2234,0,1617
1603123516787,7152,HTTP Request - GET Gogoat,200,OK,Ult. Thread Group - Gogoat 3-8,text,true,,60329,133,14,35,https://pokeapi.co/api/v2/pokemon/gogoat,4666,0,4065
1603123518167,5862,HTTP Request - GET Buizel,200,OK,Ult. Thread Group - Buizel 2-23,text,true,,127024,133,13,35,https://pokeapi.co/api/v2/pokemon/buizel,2109,0,1391
1603123523265,785,HTTP Request - GET Encounters,200,OK,Ult. Thread Group - Gogoat 3-7,text,true,,1207,141,14,34,https://pokeapi.co/api/v2/pokemon/673/encounters,785,0,0
1603123517248,6834,HTTP Request - GET Buizel,200,OK,Ult. Thread Group - Buizel 2-1,text,true,,127024,133,12,34,https://pokeapi.co/api/v2/pokemon/buizel,2153,0,1424
1603123523361,778,HTTP Request - GET Encounters,200,OK,Ult. Thread Group - Gogoat 3-10,text,true,,1207,141,14,33,https://pokeapi.co/api/v2/pokemon/673/encounters,778,0,0
1603123516678,7531,HTTP Request - GET Encounters,200,OK,Ult. Thread Group - Buizel 2-11,text,true,,59226,141,11,33,https://pokeapi.co/api/v2/pokemon/418/encounters,2833,0,0
1603123517580,6642,HTTP Request - GET Buizel,200,OK,Ult. Thread Group - Buizel 2-30,text,true,,127024,133,10,32,https://pokeapi.co/api/v2/pokemon/buizel,2101,0,1309
1603123516327,7989,HTTP Request - GET Gogoat,200,OK,Ult. Thread Group - Gogoat 3-3,text,true,,60329,133,14,31,https://pokeapi.co/api/v2/pokemon/gogoat,6629,0,5170
1603123523662,748,HTTP Request - GET Encounters,200,OK,Ult. Thread Group - Gogoat 3-15,text,true,,1207,141,14,31,https://pokeapi.co/api/v2/pokemon/673/encounters,748,0,0
1603123514948,9468,HTTP Request - GET Charizard,200,OK,Ult. Thread Group - Charizard 4-2,text,true,,246042,136,5,31,https://pokeapi.co/api/v2/pokemon/charizard,1905,0,1321
1603123520477,3960,HTTP Request - GET Gogoat,200,OK,Ult. Thread Group - Gogoat 3-5,text,true,,60329,133,14,31,https://pokeapi.co/api/v2/pokemon/gogoat,3041,0,2323
1603123523784,687,HTTP Request - GET Encounters,200,OK,Ult. Thread Group - Charizard 4-3,text,true,,1207,139,5,31,https://pokeapi.co/api/v2/pokemon/6/encounters,687,0,0
1603123523830,676,HTTP Request - GET Encounters,200,OK,Ult. Thread Group - Gogoat 3-1,text,true,,1207,141,14,31,https://pokeapi.co/api/v2/pokemon/673/encounters,676,0,0
1603123523940,637,HTTP Request - GET Encounters,200,OK,Ult. Thread Group - Gogoat 3-8,text,true,,1207,141,14,31,https://pokeapi.co/api/v2/pokemon/673/encounters,637,0,0
1603123524317,619,HTTP Request - GET Encounters,200,OK,Ult. Thread Group - Gogoat 3-3,text,true,,1207,141,14,31,https://pokeapi.co/api/v2/pokemon/673/encounters,619,0,0
1603123521786,3164,HTTP Request - GET Gogoat,200,OK,Ult. Thread Group - Gogoat 3-13,text,true,,60329,133,14,31,https://pokeapi.co/api/v2/pokemon/gogoat,2280,0,1502
1603123524421,589,HTTP Request - GET Encounters,200,OK,Ult. Thread Group - Charizard 4-2,text,true,,1207,139,5,31,https://pokeapi.co/api/v2/pokemon/6/encounters,589,0,0
1603123524437,589,HTTP Request - GET Encounters,200,OK,Ult. Thread Group - Gogoat 3-5,text,true,,1207,141,14,31,https://pokeapi.co/api/v2/pokemon/673/encounters,589,0,0
1603123516740,8534,HTTP Request - GET Buizel,200,OK,Ult. Thread Group - Buizel 2-24,text,true,,127024,133,9,31,https://pokeapi.co/api/v2/pokemon/buizel,6947,0,4820
1603123517526,7771,HTTP Request - GET Torterra,200,OK,Ult. Thread Group - Torterra 1-15,text,true,,133226,135,3,30,https://pokeapi.co/api/v2/pokemon/torterra,3240,0,2492
1603123506977,18326,HTTP Request - GET Torterra,200,OK,Ult. Thread Group - Torterra 1-8,text,true,,133226,135,2,29,https://pokeapi.co/api/v2/pokemon/torterra,13189,0,12459
1603123521284,4033,HTTP Request - GET Buizel,200,OK,Ult. Thread Group - Buizel 2-25,text,true,,127024,133,8,28,https://pokeapi.co/api/v2/pokemon/buizel,2157,0,1429
1603123517054,8267,HTTP Request - GET Buizel,200,OK,Ult. Thread Group - Buizel 2-17,text,true,,127024,133,7,27,https://pokeapi.co/api/v2/pokemon/buizel,3122,0,2434
1603123517516,7818,HTTP Request - GET Torterra,200,OK,Ult. Thread Group - Torterra 1-11,text,true,,133226,135,1,26,https://pokeapi.co/api/v2/pokemon/torterra,2138,0,1326
1603123519990,5353,HTTP Request - GET Buizel,200,OK,Ult. Thread Group - Buizel 2-21,text,true,,127024,133,6,25,https://pokeapi.co/api/v2/pokemon/buizel,4053,0,3241
1603123519013,6377,HTTP Request - GET Buizel,200,OK,Ult. Thread Group - Buizel 2-13,text,true,,127024,133,5,24,https://pokeapi.co/api/v2/pokemon/buizel,3068,0,2364
1603123516747,8664,HTTP Request - GET Buizel,200,OK,Ult. Thread Group - Buizel 2-14,text,true,,127024,133,4,23,https://pokeapi.co/api/v2/pokemon/buizel,5353,0,4653
1603123524952,556,HTTP Request - GET Encounters,200,OK,Ult. Thread Group - Gogoat 3-13,text,true,,1207,141,14,22,https://pokeapi.co/api/v2/pokemon/673/encounters,556,0,0
1603123522893,2732,HTTP Request - GET Gogoat,200,OK,Ult. Thread Group - Gogoat 3-2,text,true,,60329,133,14,22,https://pokeapi.co/api/v2/pokemon/gogoat,2081,0,1475
1603123520787,4907,HTTP Request - GET Gogoat,200,OK,Ult. Thread Group - Gogoat 3-6,text,true,,60329,133,14,22,https://pokeapi.co/api/v2/pokemon/gogoat,3721,0,3044
1603123523390,2568,HTTP Request - GET Gogoat,200,OK,Ult. Thread Group - Gogoat 3-4,text,true,,60329,133,15,24,https://pokeapi.co/api/v2/pokemon/gogoat,2003,0,1513
1603123516707,9371,HTTP Request - GET Charizard,200,OK,Ult. Thread Group - Charizard 4-1,text,true,,246042,136,6,24,https://pokeapi.co/api/v2/pokemon/charizard,2213,0,1563
1603123525626,571,HTTP Request - GET Encounters,200,OK,Ult. Thread Group - Gogoat 3-2,text,true,,1208,141,15,24,https://pokeapi.co/api/v2/pokemon/673/encounters,571,0,0
1603123519787,6461,HTTP Request - GET Gogoat,200,OK,Ult. Thread Group - Gogoat 3-14,text,true,,60329,133,15,24,https://pokeapi.co/api/v2/pokemon/gogoat,4216,0,3439
1603123525695,589,HTTP Request - GET Encounters,200,OK,Ult. Thread Group - Gogoat 3-6,text,true,,1208,141,15,24,https://pokeapi.co/api/v2/pokemon/673/encounters,589,0,0
1603123523787,2565,HTTP Request - GET Gogoat,200,OK,Ult. Thread Group - Gogoat 3-12,text,true,,60329,133,15,24,https://pokeapi.co/api/v2/pokemon/gogoat,1882,0,1261
1603123514158,12411,HTTP Request - GET Buizel,200,OK,Ult. Thread Group - Buizel 2-27,text,true,,127024,133,3,24,https://pokeapi.co/api/v2/pokemon/buizel,1987,0,1358
1603123525959,721,HTTP Request - GET Encounters,200,OK,Ult. Thread Group - Gogoat 3-4,text,true,,1208,141,15,23,https://pokeapi.co/api/v2/pokemon/673/encounters,721,0,0
1603123524139,2545,HTTP Request - GET Gogoat,200,OK,Ult. Thread Group - Gogoat 3-10,text,true,,60329,133,15,23,https://pokeapi.co/api/v2/pokemon/gogoat,1668,0,1244
1603123524051,2635,HTTP Request - GET Gogoat,200,OK,Ult. Thread Group - Gogoat 3-7,text,true,,60329,133,15,23,https://pokeapi.co/api/v2/pokemon/gogoat,1768,0,1303
1603123521540,5219,HTTP Request - GET Gogoat,200,OK,Ult. Thread Group - Gogoat 3-9,text,true,,60329,133,15,23,https://pokeapi.co/api/v2/pokemon/gogoat,3337,0,2556
1603123526082,755,HTTP Request - GET Encounters,200,OK,Ult. Thread Group - Charizard 4-1,text,true,,1207,139,6,23,https://pokeapi.co/api/v2/pokemon/6/encounters,755,0,0
1603123514849,12101,HTTP Request - GET Buizel,200,OK,Ult. Thread Group - Buizel 2-5,text,true,,127024,133,2,23,https://pokeapi.co/api/v2/pokemon/buizel,1842,0,1232
1603123520785,6173,HTTP Request - GET Charizard,200,OK,Ult. Thread Group - Charizard 4-4,text,true,,246042,136,6,22,https://pokeapi.co/api/v2/pokemon/charizard,3762,0,3096
1603123526248,763,HTTP Request - GET Encounters,200,OK,Ult. Thread Group - Gogoat 3-14,text,true,,1208,141,15,22,https://pokeapi.co/api/v2/pokemon/673/encounters,763,0,0
1603123526353,677,HTTP Request - GET Encounters,200,OK,Ult. Thread Group - Gogoat 3-12,text,true,,1208,141,15,22,https://pokeapi.co/api/v2/pokemon/673/encounters,677,0,0
1603123524410,2750,HTTP Request - GET Gogoat,200,OK,Ult. Thread Group - Gogoat 3-15,text,true,,60329,133,15,22,https://pokeapi.co/api/v2/pokemon/gogoat,1794,0,1194
1603123524506,2683,HTTP Request - GET Gogoat,200,OK,Ult. Thread Group - Gogoat 3-1,text,true,,60329,133,15,22,https://pokeapi.co/api/v2/pokemon/gogoat,1753,0,1189
1603123524578,2618,HTTP Request - GET Gogoat,200,OK,Ult. Thread Group - Gogoat 3-8,text,true,,60329,133,15,22,https://pokeapi.co/api/v2/pokemon/gogoat,1759,0,1150
1603123523290,3920,HTTP Request - GET Charizard,200,OK,Ult. Thread Group - Charizard 4-6,text,true,,246042,136,6,22,https://pokeapi.co/api/v2/pokemon/charizard,2069,0,1580
1603123526685,638,HTTP Request - GET Encounters,200,OK,Ult. Thread Group - Gogoat 3-10,text,true,,1208,141,15,22,https://pokeapi.co/api/v2/pokemon/673/encounters,638,0,0
1603123526761,587,HTTP Request - GET Encounters,200,OK,Ult. Thread Group - Gogoat 3-9,text,true,,1208,141,15,22,https://pokeapi.co/api/v2/pokemon/673/encounters,587,0,0
1603123526688,660,HTTP Request - GET Encounters,200,OK,Ult. Thread Group - Gogoat 3-7,text,true,,1208,141,15,22,https://pokeapi.co/api/v2/pokemon/673/encounters,660,0,0
1603123524937,2450,HTTP Request - GET Gogoat,200,OK,Ult. Thread Group - Gogoat 3-3,text,true,,60329,133,15,22,https://pokeapi.co/api/v2/pokemon/gogoat,1732,0,982
1603123521417,6042,HTTP Request - GET Buizel,200,OK,Ult. Thread Group - Buizel 2-22,text,true,,127024,133,1,22,https://pokeapi.co/api/v2/pokemon/buizel,3378,0,2573
1603123526962,517,HTTP Request - GET Encounters,200,OK,Ult. Thread Group - Charizard 4-4,text,true,,1207,139,6,21,https://pokeapi.co/api/v2/pokemon/6/encounters,517,0,0
1603123525027,2527,HTTP Request - GET Gogoat,200,OK,Ult. Thread Group - Gogoat 3-5,text,true,,60329,133,15,21,https://pokeapi.co/api/v2/pokemon/gogoat,1949,0,1203
1603123527161,410,HTTP Request - GET Encounters,200,OK,Ult. Thread Group - Gogoat 3-15,text,true,,1208,141,15,21,https://pokeapi.co/api/v2/pokemon/673/encounters,410,0,0
1603123527190,448,HTTP Request - GET Encounters,200,OK,Ult. Thread Group - Gogoat 3-1,text,true,,1208,141,15,21,https://pokeapi.co/api/v2/pokemon/673/encounters,448,0,0
1603123527198,451,HTTP Request - GET Encounters,200,OK,Ult. Thread Group - Gogoat 3-8,text,true,,1208,141,15,21,https://pokeapi.co/api/v2/pokemon/673/encounters,451,0,0
1603123527214,451,HTTP Request - GET Encounters,200,OK,Ult. Thread Group - Charizard 4-6,text,true,,1207,139,6,21,https://pokeapi.co/api/v2/pokemon/6/encounters,451,0,0
1603123527388,435,HTTP Request - GET Encounters,200,OK,Ult. Thread Group - Gogoat 3-3,text,true,,1208,141,15,21,https://pokeapi.co/api/v2/pokemon/673/encounters,435,0,0
1603123525509,2364,HTTP Request - GET Gogoat,200,OK,Ult. Thread Group - Gogoat 3-13,text,true,,60329,133,15,21,https://pokeapi.co/api/v2/pokemon/gogoat,1821,0,1208
1603123527555,478,HTTP Request - GET Encounters,200,OK,Ult. Thread Group - Gogoat 3-5,text,true,,1208,141,15,21,https://pokeapi.co/api/v2/pokemon/673/encounters,478,0,0
1603123525786,2259,HTTP Request - GET Gogoat,200,OK,Ult. Thread Group - Gogoat 3-11,text,true,,60329,133,15,21,https://pokeapi.co/api/v2/pokemon/gogoat,1722,0,1306
1603123524471,3689,HTTP Request - GET Charizard,200,OK,Ult. Thread Group - Charizard 4-3,text,true,,246042,136,6,21,https://pokeapi.co/api/v2/pokemon/charizard,1799,0,1194
1603123527875,563,HTTP Request - GET Encounters,200,OK,Ult. Thread Group - Gogoat 3-13,text,true,,1208,141,15,22,https://pokeapi.co/api/v2/pokemon/673/encounters,563,0,0
1603123528047,493,HTTP Request - GET Encounters,200,OK,Ult. Thread Group - Gogoat 3-11,text,true,,1208,141,15,22,https://pokeapi.co/api/v2/pokemon/673/encounters,493,0,0
1603123526197,2419,HTTP Request - GET Gogoat,200,OK,Ult. Thread Group - Gogoat 3-2,text,true,,60329,133,15,22,https://pokeapi.co/api/v2/pokemon/gogoat,1654,0,1274
1603123526284,2344,HTTP Request - GET Gogoat,200,OK,Ult. Thread Group - Gogoat 3-6,text,true,,60329,133,15,22,https://pokeapi.co/api/v2/pokemon/gogoat,1605,0,1210
1603123525010,3650,HTTP Request - GET Charizard,200,OK,Ult. Thread Group - Charizard 4-2,text,true,,246042,136,7,22,https://pokeapi.co/api/v2/pokemon/charizard,1949,0,1193
1603123528165,578,HTTP Request - GET Encounters,200,OK,Ult. Thread Group - Charizard 4-3,text,true,,1207,139,7,22,https://pokeapi.co/api/v2/pokemon/6/encounters,578,0,0
1603123526680,2219,HTTP Request - GET Gogoat,200,OK,Ult. Thread Group - Gogoat 3-4,text,true,,60329,133,15,22,https://pokeapi.co/api/v2/pokemon/gogoat,1619,0,1113
1603123525789,3249,HTTP Request - GET Charizard,200,OK,Ult. Thread Group - Charizard 4-5,text,true,,246042,136,7,22,https://pokeapi.co/api/v2/pokemon/charizard,1799,0,1316
1603123527011,2134,HTTP Request - GET Gogoat,200,OK,Ult. Thread Group - Gogoat 3-14,text,true,,60329,133,15,22,https://pokeapi.co/api/v2/pokemon/gogoat,1470,0,972
1603123528617,573,HTTP Request - GET Encounters,200,OK,Ult. Thread Group - Gogoat 3-2,text,true,,1208,141,15,22,https://pokeapi.co/api/v2/pokemon/673/encounters,573,0,0
1603123528629,562,HTTP Request - GET Encounters,200,OK,Ult. Thread Group - Gogoat 3-6,text,true,,1208,141,15,22,https://pokeapi.co/api/v2/pokemon/673/encounters,562,0,0
1603123527030,2160,HTTP Request - GET Gogoat,200,OK,Ult. Thread Group - Gogoat 3-12,text,true,,60329,133,15,22,https://pokeapi.co/api/v2/pokemon/gogoat,1470,0,975
1603123528665,547,HTTP Request - GET Encounters,200,OK,Ult. Thread Group - Charizard 4-2,text,true,,1207,139,7,22,https://pokeapi.co/api/v2/pokemon/6/encounters,546,0,0
1603123527323,2239,HTTP Request - GET Gogoat,200,OK,Ult. Thread Group - Gogoat 3-10,text,true,,60329,133,15,22,https://pokeapi.co/api/v2/pokemon/gogoat,1537,0,977
1603123528901,669,HTTP Request - GET Encounters,200,OK,Ult. Thread Group - Gogoat 3-4,text,true,,1208,141,15,22,https://pokeapi.co/api/v2/pokemon/673/encounters,669,0,0
1603123527349,2264,HTTP Request - GET Gogoat,200,OK,Ult. Thread Group - Gogoat 3-9,text,true,,60329,133,15,22,https://pokeapi.co/api/v2/pokemon/gogoat,1565,0,1017
1603123529043,584,HTTP Request - GET Encounters,200,OK,Ult. Thread Group - Charizard 4-5,text,true,,1207,139,7,22,https://pokeapi.co/api/v2/pokemon/6/encounters,584,0,0
1603123529146,589,HTTP Request - GET Encounters,200,OK,Ult. Thread Group - Gogoat 3-14,text,true,,1208,141,15,22,https://pokeapi.co/api/v2/pokemon/673/encounters,589,0,0
1603123529191,568,HTTP Request - GET Encounters,200,OK,Ult. Thread Group - Gogoat 3-12,text,true,,1208,141,15,22,https://pokeapi.co/api/v2/pokemon/673/encounters,568,0,0
1603123527349,2439,HTTP Request - GET Gogoat,200,OK,Ult. Thread Group - Gogoat 3-7,text,true,,60329,133,15,22,https://pokeapi.co/api/v2/pokemon/gogoat,1638,0,1037
1603123527572,2234,HTTP Request - GET Gogoat,200,OK,Ult. Thread Group - Gogoat 3-15,text,true,,60329,133,15,22,https://pokeapi.co/api/v2/pokemon/gogoat,1479,0,931
1603123527639,2190,HTTP Request - GET Gogoat,200,OK,Ult. Thread Group - Gogoat 3-1,text,true,,60329,133,15,22,https://pokeapi.co/api/v2/pokemon/gogoat,1465,0,909
1603123527649,2183,HTTP Request - GET Gogoat,200,OK,Ult. Thread Group - Gogoat 3-8,text,true,,60329,133,15,22,https://pokeapi.co/api/v2/pokemon/gogoat,1469,0,916
1603123526837,3386,HTTP Request - GET Charizard,200,OK,Ult. Thread Group - Charizard 4-1,text,true,,246042,136,7,22,https://pokeapi.co/api/v2/pokemon/charizard,1574,0,984
1603123529563,681,HTTP Request - GET Encounters,200,OK,Ult. Thread Group - Gogoat 3-10,text,true,,1208,141,15,22,https://pokeapi.co/api/v2/pokemon/673/encounters,681,0,0
1603123529614,674,HTTP Request - GET Encounters,200,OK,Ult. Thread Group - Gogoat 3-9,text,true,,1208,141,15,22,https://pokeapi.co/api/v2/pokemon/673/encounters,674,0,0
1603123527823,2589,HTTP Request - GET Gogoat,200,OK,Ult. Thread Group - Gogoat 3-3,text,true,,60329,133,15,22,https://pokeapi.co/api/v2/pokemon/gogoat,1815,0,1143
1603123529790,659,HTTP Request - GET Encounters,200,OK,Ult. Thread Group - Gogoat 3-7,text,true,,1208,141,15,22,https://pokeapi.co/api/v2/pokemon/673/encounters,659,0,0
1603123529808,655,HTTP Request - GET Encounters,200,OK,Ult. Thread Group - Gogoat 3-15,text,true,,1208,141,15,22,https://pokeapi.co/api/v2/pokemon/673/encounters,655,0,0
1603123529830,641,HTTP Request - GET Encounters,200,OK,Ult. Thread Group - Gogoat 3-1,text,true,,1208,141,15,22,https://pokeapi.co/api/v2/pokemon/673/encounters,641,0,0
1603123529834,645,HTTP Request - GET Encounters,200,OK,Ult. Thread Group - Gogoat 3-8,text,true,,1208,141,15,22,https://pokeapi.co/api/v2/pokemon/673/encounters,645,0,0
1603123528034,2446,HTTP Request - GET Gogoat,200,OK,Ult. Thread Group - Gogoat 3-5,text,true,,60329,133,15,22,https://pokeapi.co/api/v2/pokemon/gogoat,1634,0,1013
1603123527479,3346,HTTP Request - GET Charizard,200,OK,Ult. Thread Group - Charizard 4-4,text,true,,246042,136,8,23,https://pokeapi.co/api/v2/pokemon/charizard,1542,0,943
1603123527666,3167,HTTP Request - GET Charizard,200,OK,Ult. Thread Group - Charizard 4-6,text,true,,246042,136,8,23,https://pokeapi.co/api/v2/pokemon/charizard,1483,0,924
1603123530227,623,HTTP Request - GET Encounters,200,OK,Ult. Thread Group - Charizard 4-1,text,true,,1207,139,8,23,https://pokeapi.co/api/v2/pokemon/6/encounters,623,0,0
1603123530413,547,HTTP Request - GET Encounters,200,OK,Ult. Thread Group - Gogoat 3-3,text,true,,1208,141,15,23,https://pokeapi.co/api/v2/pokemon/673/encounters,547,0,0
1603123528439,2564,HTTP Request - GET Gogoat,200,OK,Ult. Thread Group - Gogoat 3-13,text,true,,60329,133,15,23,https://pokeapi.co/api/v2/pokemon/gogoat,1838,0,1163
1603123530481,548,HTTP Request - GET Encounters,200,OK,Ult. Thread Group - Gogoat 3-5,text,true,,1208,141,15,23,https://pokeapi.co/api/v2/pokemon/673/encounters,548,0,0
1603123528540,2513,HTTP Request - GET Gogoat,200,OK,Ult. Thread Group - Gogoat 3-11,text,true,,60329,133,15,23,https://pokeapi.co/api/v2/pokemon/gogoat,1821,0,1146
1603123530830,482,HTTP Request - GET Encounters,200,OK,Ult. Thread Group - Charizard 4-4,text,true,,1207,139,8,23,https://pokeapi.co/api/v2/pokemon/6/encounters,482,0,0
1603123530838,481,HTTP Request - GET Encounters,200,OK,Ult. Thread Group - Charizard 4-6,text,true,,1207,139,8,23,https://pokeapi.co/api/v2/pokemon/6/encounters,481,0,0
1603123529190,2394,HTTP Request - GET Gogoat,200,OK,Ult. Thread Group - Gogoat 3-2,text,true,,60329,133,15,23,https://pokeapi.co/api/v2/pokemon/gogoat,1723,0,1168
1603123531004,606,HTTP Request - GET Encounters,200,OK,Ult. Thread Group - Gogoat 3-13,text,true,,1208,141,15,23,https://pokeapi.co/api/v2/pokemon/673/encounters,606,0,0
1603123531055,597,HTTP Request - GET Encounters,200,OK,Ult. Thread Group - Gogoat 3-11,text,true,,1208,141,15,23,https://pokeapi.co/api/v2/pokemon/673/encounters,597,0,0
1603123529191,2472,HTTP Request - GET Gogoat,200,OK,Ult. Thread Group - Gogoat 3-6,text,true,,60329,133,15,23,https://pokeapi.co/api/v2/pokemon/gogoat,1798,0,1202
1603123528290,3805,HTTP Request - GET Charizard,200,OK,Ult. Thread Group - Charizard 4-8,text,true,,246042,136,8,23,https://pokeapi.co/api/v2/pokemon/charizard,1915,0,1252
1603123528743,3469,HTTP Request - GET Charizard,200,OK,Ult. Thread Group - Charizard 4-3,text,true,,246042,136,8,23,https://pokeapi.co/api/v2/pokemon/charizard,1687,0,1037
1603123529570,2900,HTTP Request - GET Gogoat,200,OK,Ult. Thread Group - Gogoat 3-4,text,true,,60329,133,15,23,https://pokeapi.co/api/v2/pokemon/gogoat,1798,0,1312
1603123531585,894,HTTP Request - GET Encounters,200,OK,Ult. Thread Group - Gogoat 3-2,text,true,,1208,141,15,23,https://pokeapi.co/api/v2/pokemon/673/encounters,894,0,0
1603123529735,2774,HTTP Request - GET Gogoat,200,OK,Ult. Thread Group - Gogoat 3-14,text,true,,60329,133,15,23,https://pokeapi.co/api/v2/pokemon/gogoat,1695,0,1208
1603123529760,2760,HTTP Request - GET Gogoat,200,OK,Ult. Thread Group - Gogoat 3-12,text,true,,60329,133,15,23,https://pokeapi.co/api/v2/pokemon/gogoat,1689,0,1192
1603123532117,740,HTTP Request - GET Encounters,200,OK,Ult. Thread Group - Charizard 4-8,text,true,,1207,139,8,23,https://pokeapi.co/api/v2/pokemon/6/encounters,740,0,0
1603123532217,745,HTTP Request - GET Encounters,200,OK,Ult. Thread Group - Charizard 4-3,text,true,,1207,139,8,23,https://pokeapi.co/api/v2/pokemon/6/encounters,745,0,0
1603123532472,697,HTTP Request - GET Encounters,200,OK,Ult. Thread Group - Gogoat 3-4,text,true,,1208,141,15,23,https://pokeapi.co/api/v2/pokemon/673/encounters,697,0,0
1603123532521,708,HTTP Request - GET Encounters,200,OK,Ult. Thread Group - Gogoat 3-12,text,true,,1208,141,14,22,https://pokeapi.co/api/v2/pokemon/673/encounters,708,0,0
1603123531664,2037,HTTP Request - GET Encounters,200,OK,Ult. Thread Group - Gogoat 3-6,text,true,,1208,141,14,22,https://pokeapi.co/api/v2/pokemon/673/encounters,2037,0,0
1603123530244,3516,HTTP Request - GET Gogoat,200,OK,Ult. Thread Group - Gogoat 3-10,text,true,,60329,133,14,22,https://pokeapi.co/api/v2/pokemon/gogoat,2025,0,1119
1603123530289,3605,HTTP Request - GET Gogoat,200,OK,Ult. Thread Group - Gogoat 3-9,text,true,,60329,133,14,22,https://pokeapi.co/api/v2/pokemon/gogoat,2025,0,1099
1603123529212,4732,HTTP Request - GET Charizard,200,OK,Ult. Thread Group - Charizard 4-2,text,true,,246042,136,8,22,https://pokeapi.co/api/v2/pokemon/charizard,1755,0,1196
1603123530960,3017,HTTP Request - GET Gogoat,200,OK,Ult. Thread Group - Gogoat 3-3,text,true,,60329,133,14,22,https://pokeapi.co/api/v2/pokemon/gogoat,2100,0,1352
1603123531029,3026,HTTP Request - GET Gogoat,200,OK,Ult. Thread Group - Gogoat 3-5,text,true,,60329,133,13,21,https://pokeapi.co/api/v2/pokemon/gogoat,2164,0,1447
1603123530449,3877,HTTP Request - GET Gogoat,200,OK,Ult. Thread Group - Gogoat 3-7,text,true,,60329,133,12,20,https://pokeapi.co/api/v2/pokemon/gogoat,1889,0,1019
1603123530463,3887,HTTP Request - GET Gogoat,200,OK,Ult. Thread Group - Gogoat 3-15,text,true,,60329,133,12,20,https://pokeapi.co/api/v2/pokemon/gogoat,1931,0,1044
1603123530479,3893,HTTP Request - GET Gogoat,200,OK,Ult. Thread Group - Gogoat 3-8,text,true,,60329,133,12,20,https://pokeapi.co/api/v2/pokemon/gogoat,1949,0,1053
1603123530471,3931,HTTP Request - GET Gogoat,200,OK,Ult. Thread Group - Gogoat 3-1,text,true,,60329,133,12,20,https://pokeapi.co/api/v2/pokemon/gogoat,1971,0,1082
1603123533761,663,HTTP Request - GET Encounters,200,OK,Ult. Thread Group - Gogoat 3-10,text,true,,1208,141,12,20,https://pokeapi.co/api/v2/pokemon/673/encounters,663,0,0
1603123533896,653,HTTP Request - GET Encounters,200,OK,Ult. Thread Group - Gogoat 3-9,text,true,,1208,141,12,20,https://pokeapi.co/api/v2/pokemon/673/encounters,653,0,0
1603123533949,641,HTTP Request - GET Encounters,200,OK,Ult. Thread Group - Charizard 4-2,text,true,,1207,139,8,20,https://pokeapi.co/api/v2/pokemon/6/encounters,641,0,0
1603123532511,2092,HTTP Request - GET Encounters,200,OK,Ult. Thread Group - Gogoat 3-14,text,true,,1208,141,12,20,https://pokeapi.co/api/v2/pokemon/673/encounters,2092,0,0
1603123531610,3009,HTTP Request - GET Gogoat,200,OK,Ult. Thread Group - Gogoat 3-13,text,true,,60329,133,12,20,https://pokeapi.co/api/v2/pokemon/gogoat,2174,0,1558
1603123531652,3011,HTTP Request - GET Gogoat,200,OK,Ult. Thread Group - Gogoat 3-11,text,true,,60329,133,12,20,https://pokeapi.co/api/v2/pokemon/gogoat,2174,0,1541
1603123534351,844,HTTP Request - GET Encounters,200,OK,Ult. Thread Group - Gogoat 3-15,text,true,,1208,141,12,20,https://pokeapi.co/api/v2/pokemon/673/encounters,844,0,0
1603123534327,871,HTTP Request - GET Encounters,200,OK,Ult. Thread Group - Gogoat 3-7,text,true,,1208,141,12,20,https://pokeapi.co/api/v2/pokemon/673/encounters,871,0,0
1603123534373,837,HTTP Request - GET Encounters,200,OK,Ult. Thread Group - Gogoat 3-8,text,true,,1208,141,12,20,https://pokeapi.co/api/v2/pokemon/673/encounters,837,0,0
1603123534403,824,HTTP Request - GET Encounters,200,OK,Ult. Thread Group - Gogoat 3-1,text,true,,1208,141,12,20,https://pokeapi.co/api/v2/pokemon/673/encounters,824,0,0
1603123534621,709,HTTP Request - GET Encounters,200,OK,Ult. Thread Group - Gogoat 3-13,text,true,,1208,141,12,20,https://pokeapi.co/api/v2/pokemon/673/encounters,709,0,0
1603123534664,688,HTTP Request - GET Encounters,200,OK,Ult. Thread Group - Gogoat 3-11,text,true,,1208,141,12,20,https://pokeapi.co/api/v2/pokemon/673/encounters,688,0,0
1603123530850,4745,HTTP Request - GET Charizard,200,OK,Ult. Thread Group - Charizard 4-1,text,true,,246042,136,8,20,https://pokeapi.co/api/v2/pokemon/charizard,2150,0,1402
1603123532479,3330,HTTP Request - GET Gogoat,200,OK,Ult. Thread Group - Gogoat 3-2,text,true,,60329,133,12,20,https://pokeapi.co/api/v2/pokemon/gogoat,1927,0,1288
1603123533230,2755,HTTP Request - GET Gogoat,200,OK,Ult. Thread Group - Gogoat 3-12,text,true,,60329,133,11,19,https://pokeapi.co/api/v2/pokemon/gogoat,2074,0,1288
1603123529627,6448,HTTP Request - GET Charizard,200,OK,Ult. Thread Group - Charizard 4-5,text,true,,246042,136,8,19,https://pokeapi.co/api/v2/pokemon/charizard,1764,0,1267
1603123531312,4774,HTTP Request - GET Charizard,200,OK,Ult. Thread Group - Charizard 4-4,text,true,,246042,136,8,19,https://pokeapi.co/api/v2/pokemon/charizard,2117,0,1592
1603123530789,5332,HTTP Request - GET Charizard,200,OK,Ult. Thread Group - Charizard 4-7,text,true,,246042,136,8,19,https://pokeapi.co/api/v2/pokemon/charizard,2051,0,1285
1603123535600,547,HTTP Request - GET Encounters,200,OK,Ult. Thread Group - Charizard 4-1,text,true,,1207,139,8,19,https://pokeapi.co/api/v2/pokemon/6/encounters,547,0,0
1603123531319,4883,HTTP Request - GET Charizard,200,OK,Ult. Thread Group - Charizard 4-6,text,true,,246042,136,8,19,https://pokeapi.co/api/v2/pokemon/charizard,2168,0,1630
1603123533702,2738,HTTP Request - GET Gogoat,200,OK,Ult. Thread Group - Gogoat 3-6,text,true,,60329,133,11,19,https://pokeapi.co/api/v2/pokemon/gogoat,2114,0,1503
1603123535986,495,HTTP Request - GET Encounters,200,OK,Ult. Thread Group - Gogoat 3-12,text,true,,1208,141,11,19,https://pokeapi.co/api/v2/pokemon/673/encounters,495,0,0
1603123536079,591,HTTP Request - GET Encounters,200,OK,Ult. Thread Group - Charizard 4-5,text,true,,1207,139,8,19,https://pokeapi.co/api/v2/pokemon/6/encounters,591,0,0
1603123536090,610,HTTP Request - GET Encounters,200,OK,Ult. Thread Group - Charizard 4-4,text,true,,1207,139,8,19,https://pokeapi.co/api/v2/pokemon/6/encounters,610,0,0
1603123536125,678,HTTP Request - GET Encounters,200,OK,Ult. Thread Group - Charizard 4-7,text,true,,1207,139,8,19,https://pokeapi.co/api/v2/pokemon/6/encounters,678,0,0
1603123532858,3945,HTTP Request - GET Charizard,200,OK,Ult. Thread Group - Charizard 4-8,text,true,,246042,136,8,19,https://pokeapi.co/api/v2/pokemon/charizard,2064,0,1267
1603123532963,3917,HTTP Request - GET Charizard,200,OK,Ult. Thread Group - Charizard 4-3,text,true,,246042,136,8,19,https://pokeapi.co/api/v2/pokemon/charizard,2048,0,1237
1603123536207,727,HTTP Request - GET Encounters,200,OK,Ult. Thread Group - Charizard 4-6,text,true,,1207,139,8,19,https://pokeapi.co/api/v2/pokemon/6/encounters,727,0,0
1603123536441,741,HTTP Request - GET Encounters,200,OK,Ult. Thread Group - Gogoat 3-6,text,true,,1208,141,11,19,https://pokeapi.co/api/v2/pokemon/673/encounters,741,0,0
1603123534424,2804,HTTP Request - GET Gogoat,200,OK,Ult. Thread Group - Gogoat 3-10,text,true,,60329,133,11,19,https://pokeapi.co/api/v2/pokemon/gogoat,1906,0,1421
1603123534550,2703,HTTP Request - GET Gogoat,200,OK,Ult. Thread Group - Gogoat 3-9,text,true,,60329,133,10,18,https://pokeapi.co/api/v2/pokemon/gogoat,1828,0,1320
1603123534603,2720,HTTP Request - GET Gogoat,200,OK,Ult. Thread Group - Gogoat 3-14,text,true,,60329,133,10,18,https://pokeapi.co/api/v2/pokemon/gogoat,1847,0,1301
1603123536808,675,HTTP Request - GET Encounters,200,OK,Ult. Thread Group - Charizard 4-8,text,true,,1207,139,8,18,https://pokeapi.co/api/v2/pokemon/6/encounters,675,0,0
1603123536885,640,HTTP Request - GET Encounters,200,OK,Ult. Thread Group - Charizard 4-3,text,true,,1207,139,8,18,https://pokeapi.co/api/v2/pokemon/6/encounters,640,0,0
1603123537254,672,HTTP Request - GET Encounters,200,OK,Ult. Thread Group - Gogoat 3-9,text,true,,1208,141,10,18,https://pokeapi.co/api/v2/pokemon/673/encounters,672,0,0
1603123537324,646,HTTP Request - GET Encounters,200,OK,Ult. Thread Group - Gogoat 3-14,text,true,,1208,141,9,17,https://pokeapi.co/api/v2/pokemon/673/encounters,646,0,0
1603123535227,3074,HTTP Request - GET Gogoat,200,OK,Ult. Thread Group - Gogoat 3-1,text,true,,60329,133,9,17,https://pokeapi.co/api/v2/pokemon/gogoat,1858,0,1099
1603123535211,3091,HTTP Request - GET Gogoat,200,OK,Ult. Thread Group - Gogoat 3-8,text,true,,60329,133,9,17,https://pokeapi.co/api/v2/pokemon/gogoat,1789,0,1097
1603123535353,2951,HTTP Request - GET Gogoat,200,OK,Ult. Thread Group - Gogoat 3-11,text,true,,60329,133,8,16,https://pokeapi.co/api/v2/pokemon/gogoat,1789,0,1086
1603123535331,2994,HTTP Request - GET Gogoat,200,OK,Ult. Thread Group - Gogoat 3-13,text,true,,60329,133,8,16,https://pokeapi.co/api/v2/pokemon/gogoat,1791,0,1078
1603123535199,3127,HTTP Request - GET Gogoat,200,OK,Ult. Thread Group - Gogoat 3-7,text,true,,60329,133,8,16,https://pokeapi.co/api/v2/pokemon/gogoat,1844,0,1157
1603123535196,3547,HTTP Request - GET Gogoat,200,OK,Ult. Thread Group - Gogoat 3-15,text,true,,60329,133,8,16,https://pokeapi.co/api/v2/pokemon/gogoat,1818,0,1098
1603123538305,476,HTTP Request - GET Encounters,200,OK,Ult. Thread Group - Gogoat 3-11,text,true,,1208,141,8,16,https://pokeapi.co/api/v2/pokemon/673/encounters,476,0,0
1603123538303,491,HTTP Request - GET Encounters,200,OK,Ult. Thread Group - Gogoat 3-8,text,true,,1208,141,8,16,https://pokeapi.co/api/v2/pokemon/673/encounters,491,0,0
1603123538326,469,HTTP Request - GET Encounters,200,OK,Ult. Thread Group - Gogoat 3-13,text,true,,1208,141,7,15,https://pokeapi.co/api/v2/pokemon/673/encounters,469,0,0
1603123538328,474,HTTP Request - GET Encounters,200,OK,Ult. Thread Group - Gogoat 3-7,text,true,,1208,141,7,15,https://pokeapi.co/api/v2/pokemon/673/encounters,474,0,0
1603123534591,4229,HTTP Request - GET Charizard,200,OK,Ult. Thread Group - Charizard 4-2,text,true,,246042,136,8,15,https://pokeapi.co/api/v2/pokemon/charizard,1826,0,1303
1603123538745,923,HTTP Request - GET Encounters,200,OK,Ult. Thread Group - Gogoat 3-15,text,true,,1208,141,7,14,https://pokeapi.co/api/v2/pokemon/673/encounters,923,0,0
1603123536481,5008,HTTP Request - GET Gogoat,200,OK,Ult. Thread Group - Gogoat 3-12,text,true,,60329,133,7,14,https://pokeapi.co/api/v2/pokemon/gogoat,4304,0,3599
1603123537484,4219,HTTP Request - GET Charizard,200,OK,Ult. Thread Group - Charizard 4-8,text,true,,246042,136,7,14,https://pokeapi.co/api/v2/pokemon/charizard,1647,0,912
1603123537970,3816,HTTP Request - GET Gogoat,200,OK,Ult. Thread Group - Gogoat 3-14,text,true,,60329,133,7,14,https://pokeapi.co/api/v2/pokemon/gogoat,1844,0,1058
1603123536700,5112,HTTP Request - GET Charizard,200,OK,Ult. Thread Group - Charizard 4-4,text,true,,246042,136,7,14,https://pokeapi.co/api/v2/pokemon/charizard,1654,0,1332
1603123536804,5029,HTTP Request - GET Charizard,200,OK,Ult. Thread Group - Charizard 4-7,text,true,,246042,136,7,14,https://pokeapi.co/api/v2/pokemon/charizard,1631,0,1265
1603123541492,363,HTTP Request - GET Encounters,200,OK,Ult. Thread Group - Gogoat 3-12,text,true,,1208,141,7,14,https://pokeapi.co/api/v2/pokemon/673/encounters,363,0,0
1603123536148,5821,HTTP Request - GET Charizard,200,OK,Ult. Thread Group - Charizard 4-1,text,true,,246042,136,7,14,https://pokeapi.co/api/v2/pokemon/charizard,1933,0,1336
1603123537526,4491,HTTP Request - GET Charizard,200,OK,Ult. Thread Group - Charizard 4-3,text,true,,246042,136,6,13,https://pokeapi.co/api/v2/pokemon/charizard,1662,0,1052
1603123541709,364,HTTP Request - GET Encounters,200,OK,Ult. Thread Group - Charizard 4-8,text,true,,1207,139,6,13,https://pokeapi.co/api/v2/pokemon/6/encounters,364,0,0
1603123537183,4970,HTTP Request - GET Gogoat,200,OK,Ult. Thread Group - Gogoat 3-6,text,true,,60329,133,7,13,https://pokeapi.co/api/v2/pokemon/gogoat,2796,0,1989
1603123538802,3419,HTTP Request - GET Gogoat,200,OK,Ult. Thread Group - Gogoat 3-7,text,true,,60329,133,6,12,https://pokeapi.co/api/v2/pokemon/gogoat,2929,0,2433
1603123541788,475,HTTP Request - GET Encounters,200,OK,Ult. Thread Group - Gogoat 3-14,text,true,,1208,141,5,11,https://pokeapi.co/api/v2/pokemon/673/encounters,475,0,0
1603123541818,457,HTTP Request - GET Encounters,200,OK,Ult. Thread Group - Charizard 4-4,text,true,,1207,139,6,11,https://pokeapi.co/api/v2/pokemon/6/encounters,457,0,0
1603123541838,444,HTTP Request - GET Encounters,200,OK,Ult. Thread Group - Charizard 4-7,text,true,,1207,139,6,11,https://pokeapi.co/api/v2/pokemon/6/encounters,444,0,0
1603123542023,547,HTTP Request - GET Encounters,200,OK,Ult. Thread Group - Charizard 4-3,text,true,,1207,139,6,11,https://pokeapi.co/api/v2/pokemon/6/encounters,547,0,0
1603123536934,5961,HTTP Request - GET Charizard,200,OK,Ult. Thread Group - Charizard 4-6,text,true,,246042,136,6,11,https://pokeapi.co/api/v2/pokemon/charizard,3510,0,1881
1603123536670,6892,HTTP Request - GET Charizard,200,OK,Ult. Thread Group - Charizard 4-5,text,true,,246042,136,6,11,https://pokeapi.co/api/v2/pokemon/charizard,2993,0,2050
1603123542900,793,HTTP Request - GET Encounters,200,OK,Ult. Thread Group - Charizard 4-6,text,true,,1207,139,6,11,https://pokeapi.co/api/v2/pokemon/6/encounters,793,0,0
1603123541855,2861,HTTP Request - GET Gogoat,200,OK,Ult. Thread Group - Gogoat 3-12,text,true,,60329,133,5,11,https://pokeapi.co/api/v2/pokemon/gogoat,2098,0,1201
1603123542263,2973,HTTP Request - GET Gogoat,200,OK,Ult. Thread Group - Gogoat 3-14,text,true,,60329,133,5,11,https://pokeapi.co/api/v2/pokemon/gogoat,2266,0,1312
1603123544717,547,HTTP Request - GET Encounters,200,OK,Ult. Thread Group - Gogoat 3-12,text,true,,1208,141,4,10,https://pokeapi.co/api/v2/pokemon/673/encounters,547,0,0
1603123538795,6628,HTTP Request - GET Gogoat,200,OK,Ult. Thread Group - Gogoat 3-13,text,true,,60329,133,3,9,https://pokeapi.co/api/v2/pokemon/gogoat,4062,0,3491
1603123538782,6648,HTTP Request - GET Gogoat,200,OK,Ult. Thread Group - Gogoat 3-11,text,true,,60329,133,2,8,https://pokeapi.co/api/v2/pokemon/gogoat,4055,0,3483
1603123543567,1938,HTTP Request - GET Encounters,200,OK,Ult. Thread Group - Charizard 4-5,text,true,,1207,139,6,8,https://pokeapi.co/api/v2/pokemon/6/encounters,1938,0,0
1603123539669,5883,HTTP Request - GET Gogoat,200,OK,Ult. Thread Group - Gogoat 3-15,text,true,,60329,133,2,8,https://pokeapi.co/api/v2/pokemon/gogoat,2566,0,2117
1603123545432,386,HTTP Request - GET Encounters,200,OK,Ult. Thread Group - Gogoat 3-11,text,true,,1208,141,1,7,https://pokeapi.co/api/v2/pokemon/673/encounters,386,0,0
1603123542570,3667,HTTP Request - GET Charizard,200,OK,Ult. Thread Group - Charizard 4-3,text,true,,246042,136,6,6,https://pokeapi.co/api/v2/pokemon/charizard,2228,0,1749
1603123542282,4238,HTTP Request - GET Charizard,200,OK,Ult. Thread Group - Charizard 4-7,text,true,,246042,136,5,5,https://pokeapi.co/api/v2/pokemon/charizard,2876,0,1330
1603123542275,4266,HTTP Request - GET Charizard,200,OK,Ult. Thread Group - Charizard 4-4,text,true,,246042,136,5,5,https://pokeapi.co/api/v2/pokemon/charizard,2883,0,1314
1603123543693,3205,HTTP Request - GET Charizard,200,OK,Ult. Thread Group - Charizard 4-6,text,true,,246042,136,4,4,https://pokeapi.co/api/v2/pokemon/charizard,1892,0,1477
1603123546544,449,HTTP Request - GET Encounters,200,OK,Ult. Thread Group - Charizard 4-7,text,true,,1207,139,4,4,https://pokeapi.co/api/v2/pokemon/6/encounters,449,0,0
1603123542073,4982,HTTP Request - GET Charizard,200,OK,Ult. Thread Group - Charizard 4-8,text,true,,246042,136,4,4,https://pokeapi.co/api/v2/pokemon/charizard,2856,0,1249
1603123546901,514,HTTP Request - GET Encounters,200,OK,Ult. Thread Group - Charizard 4-6,text,true,,1207,139,4,4,https://pokeapi.co/api/v2/pokemon/6/encounters,514,0,0
1603123547059,516,HTTP Request - GET Encounters,200,OK,Ult. Thread Group - Charizard 4-8,text,true,,1207,139,4,4,https://pokeapi.co/api/v2/pokemon/6/encounters,516,0,0
1603123545506,2798,HTTP Request - GET Charizard,200,OK,Ult. Thread Group - Charizard 4-5,text,true,,246042,136,4,4,https://pokeapi.co/api/v2/pokemon/charizard,1408,0,939
1603123548308,492,HTTP Request - GET Encounters,200,OK,Ult. Thread Group - Charizard 4-5,text,true,,1207,139,4,4,https://pokeapi.co/api/v2/pokemon/6/encounters,492,0,0
1603123546993,2798,HTTP Request - GET Charizard,200,OK,Ult. Thread Group - Charizard 4-7,text,true,,246042,136,4,4,https://pokeapi.co/api/v2/pokemon/charizard,1491,0,1009
1603123547415,2803,HTTP Request - GET Charizard,200,OK,Ult. Thread Group - Charizard 4-6,text,true,,246042,136,4,4,https://pokeapi.co/api/v2/pokemon/charizard,1480,0,992
1603123549795,521,HTTP Request - GET Encounters,200,OK,Ult. Thread Group - Charizard 4-7,text,true,,1207,139,4,4,https://pokeapi.co/api/v2/pokemon/6/encounters,521,0,0
1603123547575,2807,HTTP Request - GET Charizard,200,OK,Ult. Thread Group - Charizard 4-8,text,true,,246042,136,4,4,https://pokeapi.co/api/v2/pokemon/charizard,1491,0,975
1603123550222,513,HTTP Request - GET Encounters,200,OK,Ult. Thread Group - Charizard 4-6,text,true,,1207,139,4,4,https://pokeapi.co/api/v2/pokemon/6/encounters,513,0,0
1603123550387,505,HTTP Request - GET Encounters,200,OK,Ult. Thread Group - Charizard 4-8,text,true,,1207,139,4,4,https://pokeapi.co/api/v2/pokemon/6/encounters,505,0,0
1603123548800,2855,HTTP Request - GET Charizard,200,OK,Ult. Thread Group - Charizard 4-5,text,true,,246042,136,4,4,https://pokeapi.co/api/v2/pokemon/charizard,1485,0,973
1603123551659,531,HTTP Request - GET Encounters,200,OK,Ult. Thread Group - Charizard 4-5,text,true,,1207,139,4,4,https://pokeapi.co/api/v2/pokemon/6/encounters,531,0,0
1603123550735,4082,HTTP Request - GET Charizard,200,OK,Ult. Thread Group - Charizard 4-6,text,true,,246042,136,4,4,https://pokeapi.co/api/v2/pokemon/charizard,1530,0,1015
1603123554822,556,HTTP Request - GET Encounters,200,OK,Ult. Thread Group - Charizard 4-6,text,true,,1207,139,4,4,https://pokeapi.co/api/v2/pokemon/6/encounters,556,0,0
1603123550893,4493,HTTP Request - GET Charizard,200,OK,Ult. Thread Group - Charizard 4-8,text,true,,246042,136,4,4,https://pokeapi.co/api/v2/pokemon/charizard,1555,0,1026
1603123550316,5080,HTTP Request - GET Charizard,200,OK,Ult. Thread Group - Charizard 4-7,text,true,,246042,136,4,4,https://pokeapi.co/api/v2/pokemon/charizard,1521,0,999
1603123555391,355,HTTP Request - GET Encounters,200,OK,Ult. Thread Group - Charizard 4-8,text,true,,1207,139,4,4,https://pokeapi.co/api/v2/pokemon/6/encounters,355,0,0
1603123555401,389,HTTP Request - GET Encounters,200,OK,Ult. Thread Group - Charizard 4-7,text,true,,1207,139,4,4,https://pokeapi.co/api/v2/pokemon/6/encounters,389,0,0
1603123552191,4885,HTTP Request - GET Charizard,200,OK,Ult. Thread Group - Charizard 4-5,text,true,,246042,136,4,4,https://pokeapi.co/api/v2/pokemon/charizard,3494,0,3163
1603123557081,525,HTTP Request - GET Encounters,200,OK,Ult. Thread Group - Charizard 4-5,text,true,,1207,139,4,4,https://pokeapi.co/api/v2/pokemon/6/encounters,525,0,0
1603123555378,2768,HTTP Request - GET Charizard,200,OK,Ult. Thread Group - Charizard 4-6,text,true,,246042,136,4,4,https://pokeapi.co/api/v2/pokemon/charizard,1351,0,855
1603123558151,520,HTTP Request - GET Encounters,200,OK,Ult. Thread Group - Charizard 4-6,text,true,,1207,139,4,4,https://pokeapi.co/api/v2/pokemon/6/encounters,520,0,0
1603123555746,2951,HTTP Request - GET Charizard,200,OK,Ult. Thread Group - Charizard 4-8,text,true,,246042,136,3,3,https://pokeapi.co/api/v2/pokemon/charizard,1509,0,1014
1603123555790,2926,HTTP Request - GET Charizard,200,OK,Ult. Thread Group - Charizard 4-7,text,true,,246042,136,3,3,https://pokeapi.co/api/v2/pokemon/charizard,1508,0,990
1603123558702,502,HTTP Request - GET Encounters,200,OK,Ult. Thread Group - Charizard 4-8,text,true,,1207,139,3,3,https://pokeapi.co/api/v2/pokemon/6/encounters,502,0,0
1603123558721,517,HTTP Request - GET Encounters,200,OK,Ult. Thread Group - Charizard 4-7,text,true,,1207,139,3,3,https://pokeapi.co/api/v2/pokemon/6/encounters,517,0,0
1603123557606,2875,HTTP Request - GET Charizard,200,OK,Ult. Thread Group - Charizard 4-5,text,true,,246042,136,3,3,https://pokeapi.co/api/v2/pokemon/charizard,1554,0,1053
1603123560486,505,HTTP Request - GET Encounters,200,OK,Ult. Thread Group - Charizard 4-5,text,true,,1207,139,3,3,https://pokeapi.co/api/v2/pokemon/6/encounters,505,0,0
1603123559204,2794,HTTP Request - GET Charizard,200,OK,Ult. Thread Group - Charizard 4-8,text,true,,246042,136,2,2,https://pokeapi.co/api/v2/pokemon/charizard,1444,0,959
1603123559238,2785,HTTP Request - GET Charizard,200,OK,Ult. Thread Group - Charizard 4-7,text,true,,246042,136,2,2,https://pokeapi.co/api/v2/pokemon/charizard,1447,0,961
1603123562004,510,HTTP Request - GET Encounters,200,OK,Ult. Thread Group - Charizard 4-8,text,true,,1207,139,2,2,https://pokeapi.co/api/v2/pokemon/6/encounters,510,0,0
1603123562028,646,HTTP Request - GET Encounters,200,OK,Ult. Thread Group - Charizard 4-7,text,true,,1207,139,2,2,https://pokeapi.co/api/v2/pokemon/6/encounters,646,0,0
1603123562515,2765,HTTP Request - GET Charizard,200,OK,Ult. Thread Group - Charizard 4-8,text,true,,246042,136,2,2,https://pokeapi.co/api/v2/pokemon/charizard,1432,0,938
1603123562675,2732,HTTP Request - GET Charizard,200,OK,Ult. Thread Group - Charizard 4-7,text,true,,246042,136,1,1,https://pokeapi.co/api/v2/pokemon/charizard,1430,0,934
1603123565411,504,HTTP Request - GET Encounters,200,OK,Ult. Thread Group - Charizard 4-7,text,true,,1207,139,1,1,https://pokeapi.co/api/v2/pokemon/6/encounters,504,0,0
